wavelength,beta_logreg,beta_svm,abs_beta_logreg,abs_beta_svm
336.0,-0.020441616187696774,-0.009069920547488935,0.020441616187696774,0.009069920547488935
338.0,0.038336345242711255,0.015434181755408987,0.038336345242711255,0.015434181755408987
340.0,0.0452317473261407,0.018243000198025494,0.0452317473261407,0.018243000198025494
342.0,0.022516293661592503,0.00952473649276635,0.022516293661592503,0.00952473649276635
344.0,0.01194896944934803,0.004631688924125814,0.01194896944934803,0.004631688924125814
346.0,0.025546374346984813,0.008805902910441312,0.025546374346984813,0.008805902910441312
348.0,0.03619866856702504,0.013020588410187132,0.03619866856702504,0.013020588410187132
350.0,0.029772478624733145,0.011680869829688722,0.029772478624733145,0.011680869829688722
352.0,0.029452902642722822,0.012500039937108869,0.029452902642722822,0.012500039937108869
354.0,0.04531091156493749,0.019346137960948553,0.04531091156493749,0.019346137960948553
356.0,0.04190905652440002,0.019266764577241965,0.04190905652440002,0.019266764577241965
358.0,0.015757203465120953,0.010148375780731406,0.015757203465120953,0.010148375780731406
360.0,0.010833559762202653,0.008042444952008808,0.010833559762202653,0.008042444952008808
362.0,0.045204675171253435,0.020698743760573284,0.045204675171253435,0.020698743760573284
364.0,0.08059460239150056,0.034487921226116214,0.08059460239150056,0.034487921226116214
366.0,0.06800577674127227,0.030217659468911893,0.06800577674127227,0.030217659468911893
368.0,0.009197073200640884,0.007033223436454423,0.009197073200640884,0.007033223436454423
370.0,-0.04088800128479765,-0.014492033436242712,0.04088800128479765,0.014492033436242712
372.0,-0.03989727072161163,-0.01604136667125095,0.03989727072161163,0.01604136667125095
374.0,-0.011118597909899797,-0.00492826148668343,0.011118597909899797,0.00492826148668343
376.0,0.0024518459974509884,0.0016382895588009446,0.0024518459974509884,0.0016382895588009446
378.0,-0.00774571694426867,-0.0012697579694895462,0.00774571694426867,0.0012697579694895462
380.0,-0.015916312917072517,-0.004719775974779001,0.015916312917072517,0.004719775974779001
382.0,-0.0024209944154022266,-0.00010413188353311837,0.0024209944154022266,0.00010413188353311837
384.0,0.015883640260466708,0.0070879874287407205,0.015883640260466708,0.0070879874287407205
386.0,0.015698653199793865,0.00745620956268044,0.015698653199793865,0.00745620956268044
388.0,0.004474893160195277,0.0032515091723676315,0.004474893160195277,0.0032515091723676315
390.0,0.001956483012891476,0.0021282565870454294,0.001956483012891476,0.0021282565870454294
392.0,0.01607082545796298,0.00788184609387878,0.01607082545796298,0.00788184609387878
394.0,0.03724728984040214,0.01682517307495242,0.03724728984040214,0.01682517307495242
396.0,0.053677624980686546,0.023465204327458668,0.053677624980686546,0.023465204327458668
398.0,0.06579870815057529,0.027337207128342204,0.06579870815057529,0.027337207128342204
400.0,0.07377950446763427,0.028761492334316144,0.07377950446763427,0.028761492334316144
402.0,0.07845185037680748,0.02925222463312562,0.07845185037680748,0.02925222463312562
404.0,0.08395464064388629,0.030726202725440164,0.08395464064388629,0.030726202725440164
406.0,0.08559225029675528,0.03099377883133709,0.08559225029675528,0.03099377883133709
408.0,0.07241466127040218,0.025393386702430205,0.07241466127040218,0.025393386702430205
410.0,0.043214230162082735,0.013181336563783652,0.043214230162082735,0.013181336563783652
412.0,0.018295586636006785,0.00262440377626781,0.018295586636006785,0.00262440377626781
414.0,0.017036445550206374,0.002302150561029535,0.017036445550206374,0.002302150561029535
416.0,0.034494444000769967,0.010613198576422398,0.034494444000769967,0.010613198576422398
418.0,0.053966699032684494,0.020181991230302558,0.053966699032684494,0.020181991230302558
420.0,0.06884978162161749,0.02771426882597154,0.06884978162161749,0.02771426882597154
422.0,0.0803679782089352,0.033521221039349,0.0803679782089352,0.033521221039349
424.0,0.08936006017512833,0.03790515143541777,0.08936006017512833,0.03790515143541777
426.0,0.09277704202001952,0.03955868440120059,0.09277704202001952,0.03955868440120059
428.0,0.08658166710241394,0.036880103914047585,0.08658166710241394,0.036880103914047585
430.0,0.07054108603573052,0.03003954815755104,0.07054108603573052,0.03003954815755104
432.0,0.04489482148355965,0.01932120275320277,0.04489482148355965,0.01932120275320277
434.0,0.013401932003710855,0.006161591251058759,0.013401932003710855,0.006161591251058759
436.0,-0.013370434734991273,-0.005337262840661369,0.013370434734991273,0.005337262840661369
438.0,-0.028746331989331023,-0.012535763044695497,0.028746331989331023,0.012535763044695497
440.0,-0.03140379056940815,-0.01470996843668692,0.03140379056940815,0.01470996843668692
442.0,-0.0245272465003611,-0.012804220202693815,0.0245272465003611,0.012804220202693815
444.0,-0.013568581744681365,-0.008847268590303251,0.013568581744681365,0.008847268590303251
446.0,-0.0019542914614496375,-0.004198544010152178,0.0019542914614496375,0.004198544010152178
448.0,0.009001064015462312,0.0006096804393852389,0.009001064015462312,0.0006096804393852389
450.0,0.018984567464785593,0.005382875270850158,0.018984567464785593,0.005382875270850158
452.0,0.02852016689852023,0.0101674805192319,0.02852016689852023,0.0101674805192319
454.0,0.038546302193259455,0.015161266675762605,0.038546302193259455,0.015161266675762605
456.0,0.04913796133295515,0.02025665278001175,0.04913796133295515,0.02025665278001175
458.0,0.058769897335719926,0.024752926797092362,0.058769897335719926,0.024752926797092362
460.0,0.06549234474748017,0.027869406751255026,0.06549234474748017,0.027869406751255026
462.0,0.06828732228559463,0.029290336223715605,0.06828732228559463,0.029290336223715605
464.0,0.06682640952710943,0.028985934839488484,0.06682640952710943,0.028985934839488484
466.0,0.06120428066014021,0.02704744910490242,0.06120428066014021,0.02704744910490242
468.0,0.05233365918017982,0.023846821302384524,0.05233365918017982,0.023846821302384524
470.0,0.04191507893132067,0.020046955652314197,0.04191507893132067,0.020046955652314197
472.0,0.031789776708033686,0.0163528644973676,0.031789776708033686,0.0163528644973676
474.0,0.023452747868834372,0.013311186393058992,0.023452747868834372,0.013311186393058992
476.0,0.017931318019933428,0.011264311072807771,0.017931318019933428,0.011264311072807771
478.0,0.015617915868006134,0.010316620848562986,0.015617915868006134,0.010316620848562986
480.0,0.016005520053312516,0.010270455499639728,0.016005520053312516,0.010270455499639728
482.0,0.01771738163164782,0.010636673279261684,0.01771738163164782,0.010636673279261684
484.0,0.018898043810267263,0.010749935857466666,0.018898043810267263,0.010749935857466666
486.0,0.01773273990373697,0.009946736658920522,0.01773273990373697,0.009946736658920522
488.0,0.013054065660089506,0.007802073270847519,0.013054065660089506,0.007802073270847519
490.0,0.004840989625834233,0.004327122113485361,0.004840989625834233,0.004327122113485361
492.0,-0.005917410379671035,-9.074919394229503e-05,0.005917410379671035,9.074919394229503e-05
494.0,-0.017903631349367045,-0.004958577176972377,0.017903631349367045,0.004958577176972377
496.0,-0.030031394898242303,-0.00988872169747587,0.030031394898242303,0.00988872169747587
498.0,-0.04161930835377727,-0.014652925594747767,0.04161930835377727,0.014652925594747767
500.0,-0.052339193131057206,-0.019150346738400076,0.052339193131057206,0.019150346738400076
502.0,-0.0621069538786739,-0.023358399835002784,0.0621069538786739,0.023358399835002784
504.0,-0.07095398034459773,-0.02727981559190984,0.07095398034459773,0.02727981559190984
506.0,-0.07890207811504696,-0.03089361046156643,0.07890207811504696,0.03089361046156643
508.0,-0.08585978360554042,-0.0341159376960226,0.08585978360554042,0.0341159376960226
510.0,-0.09157274018185438,-0.0367852226042595,0.09157274018185438,0.0367852226042595
512.0,-0.09566020992303642,-0.038686435365094175,0.09566020992303642,0.038686435365094175
514.0,-0.09775751703378807,-0.03962340802814848,0.09775751703378807,0.03962340802814848
516.0,-0.09770841875465852,-0.039512311806690334,0.09770841875465852,0.039512311806690334
518.0,-0.09568535495615461,-0.038438332013085344,0.09568535495615461,0.038438332013085344
520.0,-0.09214786842569722,-0.03663406868250124,0.09214786842569722,0.03663406868250124
522.0,-0.08768388567637084,-0.03440105566069193,0.08768388567637084,0.03440105566069193
524.0,-0.08284998173046663,-0.032030176479870734,0.08284998173046663,0.032030176479870734
526.0,-0.07809021253832898,-0.029757975178279425,0.07809021253832898,0.029757975178279425
528.0,-0.07372689894489082,-0.027756613204777094,0.07372689894489082,0.027756613204777094
530.0,-0.06998279109896331,-0.02613906823862056,0.06998279109896331,0.02613906823862056
532.0,-0.06699913909003741,-0.024964945091389603,0.06699913909003741,0.024964945091389603
534.0,-0.0648440014067131,-0.024244734250377584,0.0648440014067131,0.024244734250377584
536.0,-0.06351020196024647,-0.023942456520077364,0.06351020196024647,0.023942456520077364
538.0,-0.06291661385898788,-0.02398137675842701,0.06291661385898788,0.02398137675842701
540.0,-0.06291870308888849,-0.024254474203168265,0.06291870308888849,0.024254474203168265
542.0,-0.06333275987624107,-0.02464109835512033,0.06333275987624107,0.02464109835512033
544.0,-0.06397271184604665,-0.02502891714875732,0.06397271184604665,0.02502891714875732
546.0,-0.06468577990541866,-0.02533398030524704,0.06468577990541866,0.02533398030524704
548.0,-0.06537504629611388,-0.025512568815789338,0.06537504629611388,0.025512568815789338
550.0,-0.06599771179970094,-0.025559358723557656,0.06599771179970094,0.025559358723557656
552.0,-0.06654621126686683,-0.025495683959091117,0.06654621126686683,0.025495683959091117
554.0,-0.06702340957492273,-0.025354558631107763,0.06702340957492273,0.025354558631107763
556.0,-0.06742311715991063,-0.025168421159513076,0.06742311715991063,0.025168421159513076
558.0,-0.06772246830280834,-0.024962749627916652,0.06772246830280834,0.024962749627916652
560.0,-0.06788245262485991,-0.024753589623229873,0.06788245262485991,0.024753589623229873
562.0,-0.06785639805564696,-0.02454864794619611,0.06785639805564696,0.02454864794619611
564.0,-0.06759977782607512,-0.0243490823830453,0.06759977782607512,0.0243490823830453
566.0,-0.06708031430199532,-0.0241518908009842,0.06708031430199532,0.0241518908009842
568.0,-0.06628482292757792,-0.023951817065360842,0.06628482292757792,0.023951817065360842
570.0,-0.06522377269969598,-0.02374341682007306,0.06522377269969598,0.02374341682007306
572.0,-0.0639337506374208,-0.02352346189319346,0.0639337506374208,0.02352346189319346
574.0,-0.0624773965668135,-0.023293298623958455,0.0624773965668135,0.023293298623958455
576.0,-0.06094076406915249,-0.023060831671444817,0.06094076406915249,0.023060831671444817
578.0,-0.059427341672809095,-0.022841529225610408,0.059427341672809095,0.022841529225610408
580.0,-0.05804775938502717,-0.022657297194128442,0.05804775938502717,0.022657297194128442
582.0,-0.05690759241884973,-0.02253368828358734,0.05690759241884973,0.02253368828358734
584.0,-0.056096267917136226,-0.022496342451340138,0.056096267917136226,0.022496342451340138
586.0,-0.05567743953078123,-0.02256676452486777,0.05567743953078123,0.02256676452486777
588.0,-0.05568586387199279,-0.022759927266768613,0.05568586387199279,0.022759927266768613
590.0,-0.05612463250194704,-0.023081648923388536,0.05612463250194704,0.023081648923388536
592.0,-0.056967171120226895,-0.02352791233808342,0.056967171120226895,0.02352791233808342
594.0,-0.05815826329518319,-0.02408401598087102,0.05815826329518319,0.02408401598087102
596.0,-0.059617279038338765,-0.02472490747826118,0.059617279038338765,0.02472490747826118
598.0,-0.06124073724593235,-0.025415538376505287,0.06124073724593235,0.025415538376505287
600.0,-0.06290584421678705,-0.026111850625928766,0.06290584421678705,0.026111850625928766
602.0,-0.06447651845988418,-0.026762917758046186,0.06447651845988418,0.026762917758046186
604.0,-0.0658104994284508,-0.02731373016055694,0.0658104994284508,0.02731373016055694
606.0,-0.06676870209842398,-0.027709011570596447,0.06676870209842398,0.027709011570596447
608.0,-0.06722693560615993,-0.027898157723651108,0.06722693560615993,0.027898157723651108
610.0,-0.06708686716050763,-0.027840003843162438,0.06708686716050763,0.027840003843162438
612.0,-0.06628708778755446,-0.02750775230805767,0.06628708778755446,0.02750775230805767
614.0,-0.0648103637343684,-0.02689239719691308,0.0648103637343684,0.02689239719691308
616.0,-0.06268496698451068,-0.026003708738993974,0.06268496698451068,0.026003708738993974
618.0,-0.05998119873612042,-0.024869196607870528,0.05998119873612042,0.024869196607870528
620.0,-0.05680223270744327,-0.02353058337506535,0.05680223270744327,0.02353058337506535
622.0,-0.05327130773506667,-0.022038640553292684,0.05327130773506667,0.022038640553292684
624.0,-0.049518305708655584,-0.020447646008647333,0.049518305708655584,0.020447646008647333
626.0,-0.045668751680462145,-0.018810718968695336,0.045668751680462145,0.018810718968695336
628.0,-0.04183473116592173,-0.017175911282363707,0.04183473116592173,0.017175911282363707
630.0,-0.03811048123188817,-0.015584186394873292,0.03811048123188817,0.015584186394873292
632.0,-0.034570604576923215,-0.014068557503606215,0.034570604576923215,0.014068557503606215
634.0,-0.031271105877317094,-0.012654382649209673,0.031271105877317094,0.012654382649209673
636.0,-0.030541357947285207,-0.012631804267448324,0.030541357947285207,0.012631804267448324
638.0,-0.03184479774981232,-0.01317113726059182,0.03184479774981232,0.01317113726059182
640.0,-0.02923371409488997,-0.011177072546151696,0.02923371409488997,0.011177072546151696
642.0,-0.022795458735389285,-0.007226076503224297,0.022795458735389285,0.007226076503224297
644.0,-0.017825924116032676,-0.004905505780758428,0.017825924116032676,0.004905505780758428
646.0,-0.018011256866315006,-0.006036409566353807,0.018011256866315006,0.006036409566353807
648.0,-0.0189946249361583,-0.007701309635628949,0.0189946249361583,0.007701309635628949
650.0,-0.015336189182215446,-0.006735135237084466,0.015336189182215446,0.006735135237084466
652.0,-0.0055792623963865015,-0.0022221065348001666,0.0055792623963865015,0.0022221065348001666
654.0,0.006593882612748841,0.003942106039222433,0.006593882612748841,0.003942106039222433
656.0,0.014225651942309313,0.008088538724404307,0.014225651942309313,0.008088538724404307
658.0,0.011602329035528556,0.007125371974272503,0.011602329035528556,0.007125371974272503
660.0,-0.0012024374392859373,0.000902301209684616,0.0012024374392859373,0.000902301209684616
662.0,-0.018137064696221943,-0.007634927148067647,0.018137064696221943,0.007634927148067647
664.0,-0.03138015579759607,-0.014528914961368067,0.03138015579759607,0.014528914961368067
666.0,-0.03664345124133977,-0.017490688401500067,0.03664345124133977,0.017490688401500067
668.0,-0.03495480829339369,-0.016861586805230325,0.03495480829339369,0.016861586805230325
670.0,-0.03065648289493518,-0.014673540944584677,0.03065648289493518,0.014673540944584677
672.0,-0.028339778051827098,-0.013173203041271616,0.028339778051827098,0.013173203041271616
674.0,-0.030077147535358083,-0.013492032182219206,0.030077147535358083,0.013492032182219206
676.0,-0.034307864992555254,-0.015081045107160303,0.034307864992555254,0.015081045107160303
678.0,-0.03738359966110573,-0.016377075701268857,0.03738359966110573,0.016377075701268857
680.0,-0.0364787913201818,-0.016123573272934028,0.0364787913201818,0.016123573272934028
682.0,-0.031521254863770616,-0.014259684905516644,0.031521254863770616,0.014259684905516644
684.0,-0.025321581919893425,-0.011973385267562016,0.025321581919893425,0.011973385267562016
686.0,-0.021822835636941162,-0.010909723197980255,0.021822835636941162,0.010909723197980255
688.0,-0.023293452216692108,-0.011939870455284652,0.023293452216692108,0.011939870455284652
690.0,-0.028635707748129725,-0.014455107578088669,0.028635707748129725,0.014455107578088669
692.0,-0.03406643684936104,-0.01672834126083348,0.03406643684936104,0.01672834126083348
694.0,-0.035547639084264226,-0.017022115596825572,0.035547639084264226,0.017022115596825572
696.0,-0.031035856527592918,-0.014552360791668283,0.031035856527592918,0.014552360791668283
698.0,-0.021436385235575884,-0.0098535847498409,0.021436385235575884,0.0098535847498409
700.0,-0.010232640551704074,-0.004564540450968459,0.010232640551704074,0.004564540450968459
702.0,-0.0015969024208781998,-0.0005594283470484456,0.0015969024208781998,0.0005594283470484456
704.0,0.0019389192882592154,0.001069103447918808,0.0019389192882592154,0.001069103447918808
706.0,0.0005072733495916902,0.000410325627207441,0.0005072733495916902,0.000410325627207441
708.0,-0.0037920893921646807,-0.00161603877536438,0.0037920893921646807,0.00161603877536438
710.0,-0.008643159459842925,-0.004034922616359158,0.008643159459842925,0.004034922616359158
712.0,-0.0129590785821303,-0.006411150971497767,0.0129590785821303,0.006411150971497767
714.0,-0.017136759432922897,-0.008895147357271765,0.017136759432922897,0.008895147357271765
716.0,-0.022251646092613687,-0.011826007011389778,0.022251646092613687,0.011826007011389778
718.0,-0.028700322666127678,-0.01516534561330367,0.028700322666127678,0.01516534561330367
720.0,-0.03515464083217257,-0.018129596748367706,0.03515464083217257,0.018129596748367706
722.0,-0.038725199337627796,-0.019366212982387908,0.038725199337627796,0.019366212982387908
724.0,-0.03644607532462091,-0.017666635536909885,0.03644607532462091,0.017666635536909885
726.0,-0.027007017831790884,-0.012691134727641192,0.027007017831790884,0.012691134727641192
728.0,-0.011719145469381012,-0.005290779087841203,0.011719145469381012,0.005290779087841203
730.0,0.00540862757426399,0.002563889085100998,0.00540862757426399,0.002563889085100998
732.0,0.01879192635706607,0.008361236107869804,0.01879192635706607,0.008361236107869804
734.0,0.02361050855924148,0.010102984645312176,0.02361050855924148,0.010102984645312176
736.0,0.01805286725961754,0.007226177494121279,0.01805286725961754,0.007226177494121279
738.0,0.0042472184238868905,0.0008910576805745075,0.0042472184238868905,0.0008910576805745075
740.0,-0.012593646500411322,-0.006508262919438261,0.012593646500411322,0.006508262919438261
742.0,-0.0264584472290153,-0.012389254990266798,0.0264584472290153,0.012389254990266798
744.0,-0.03275855485256143,-0.014910175911494846,0.03275855485256143,0.014910175911494846
746.0,-0.029677350749515597,-0.013471185388504758,0.029677350749515597,0.013471185388504758
748.0,-0.018757491966312566,-0.008872040040560388,0.018757491966312566,0.008872040040560388
750.0,-0.004200461218412938,-0.002935856999305308,0.004200461218412938,0.002935856999305308
752.0,0.00912654427683134,0.0023590268951949865,0.00912654427683134,0.0023590268951949865
754.0,0.01767484436524052,0.005674290987445166,0.01767484436524052,0.005674290987445166
756.0,0.020330668720690608,0.006695834828109089,0.020330668720690608,0.006695834828109089
758.0,0.01843581279644809,0.006058100603127948,0.01843581279644809,0.006058100603127948
760.0,0.014729146303427747,0.004867230218524931,0.014729146303427747,0.004867230218524931
762.0,0.011935022975463356,0.004132900968614117,0.011935022975463356,0.004132900968614117
764.0,0.011707528252427345,0.004379139001101325,0.011707528252427345,0.004379139001101325
766.0,0.014115090376775854,0.005501913831875073,0.014115090376775854,0.005501913831875073
768.0,0.01782309279095345,0.0069160112795586415,0.01782309279095345,0.0069160112795586415
770.0,0.020943356708512776,0.007930503451011987,0.020943356708512776,0.007930503451011987
772.0,0.022058895967861737,0.008132416448548896,0.022058895967861737,0.008132416448548896
774.0,0.02093242345535107,0.007597787101957821,0.02093242345535107,0.007597787101957821
776.0,0.018576622790519245,0.006836959403245964,0.018576622790519245,0.006836959403245964
778.0,0.016650016352717126,0.006503778845433787,0.016650016352717126,0.006503778845433787
780.0,0.016606995781527953,0.007055071724127433,0.016606995781527953,0.007055071724127433
782.0,0.019017166341273817,0.00851237122343657,0.019017166341273817,0.00851237122343657
784.0,0.023227689916187965,0.010393908065122486,0.023227689916187965,0.010393908065122486
786.0,0.027539695370096977,0.011876026299365778,0.027539695370096977,0.011876026299365778
788.0,0.02988909464302877,0.012133855516812463,0.02988909464302877,0.012133855516812463
790.0,0.02872890677688426,0.010705179687677853,0.02872890677688426,0.010705179687677853
792.0,0.023783476826330488,0.0077444948389015274,0.023783476826330488,0.0077444948389015274
794.0,0.01630782962761874,0.0040309799036802665,0.01630782962761874,0.0040309799036802665
796.0,0.008603962746564534,0.000675267879714525,0.008603962746564534,0.000675267879714525
798.0,0.003140156771707381,-0.0012793768350036422,0.003140156771707381,0.0012793768350036422
800.0,0.0017811500585978217,-0.0011619594723453412,0.0017811500585978217,0.0011619594723453412
802.0,0.00521501514631848,0.0011180865765554146,0.00521501514631848,0.0011180865765554146
804.0,0.012624792014584413,0.004984528352269232,0.012624792014584413,0.004984528352269232
806.0,0.021886207569126598,0.009351323335675461,0.021886207569126598,0.009351323335675461
808.0,0.030302065010984307,0.01299204806250884,0.030302065010984307,0.01299204806250884
810.0,0.035503700382632,0.014936039449417678,0.035503700382632,0.014936039449417678
812.0,0.03624642077647605,0.014780618407029907,0.03624642077647605,0.014780618407029907
814.0,0.032870352143527196,0.012834545067707774,0.032870352143527196,0.012834545067707774
816.0,0.027152590051501346,0.009994830463364855,0.027152590051501346,0.009994830463364855
818.0,0.021627014871850706,0.007417474125602394,0.021627014871850706,0.007417474125602394
820.0,0.018779218127542175,0.006165979745871654,0.018779218127542175,0.006165979745871654
822.0,0.020332194884353578,0.006918287956670819,0.020332194884353578,0.006918287956670819
824.0,0.026674206184264273,0.00974686998318251,0.026674206184264273,0.00974686998318251
826.0,0.03663554651378471,0.014059735822138424,0.03663554651378471,0.014059735822138424
828.0,0.04778124753858358,0.01876253640342606,0.04778124753858358,0.01876253640342606
830.0,0.05709107004792271,0.022569856316957695,0.05709107004792271,0.022569856316957695
832.0,0.061831060948268825,0.024373817601484632,0.061831060948268825,0.024373817601484632
834.0,0.06043487600253203,0.023594684149943312,0.06043487600253203,0.023594684149943312
836.0,0.052995548717798525,0.020355175419482865,0.052995548717798525,0.020355175419482865
838.0,0.04109825133722023,0.015381765161096647,0.04109825133722023,0.015381765161096647
840.0,0.027271483442016225,0.009759059193236263,0.027271483442016225,0.009759059193236263
842.0,0.014449743244289154,0.004698389882994049,0.014449743244289154,0.004698389882994049
844.0,0.005442550774065057,0.001315173233810165,0.005442550774065057,0.001315173233810165
846.0,0.0022657421963013973,0.00036053750314158034,0.0022657421963013973,0.00036053750314158034
848.0,0.005539389176989955,0.001996103302501907,0.005539389176989955,0.001996103302501907
850.0,0.014312966547750978,0.0057513701683306485,0.014312966547750978,0.0057513701683306485
852.0,0.026356667870771882,0.010666240251108444,0.026356667870771882,0.010666240251108444
854.0,0.038734074980004314,0.015537847564511344,0.038734074980004314,0.015537847564511344
856.0,0.048582953905649644,0.019240741571739658,0.048582953905649644,0.019240741571739658
858.0,0.05393530941389729,0.021048787555149134,0.05393530941389729,0.021048787555149134
860.0,0.05417734332494019,0.02080016427852669,0.05417734332494019,0.02080016427852669
862.0,0.049982463837183,0.018849802104915117,0.049982463837183,0.018849802104915117
864.0,0.042968936943443725,0.015917275806164595,0.042968936943443725,0.015917275806164595
866.0,0.03532931110731944,0.01292612038993615,0.03532931110731944,0.01292612038993615
868.0,0.029393691109806906,0.010817211029628859,0.029393691109806906,0.010817211029628859
870.0,0.02706816508393484,0.010319451822798757,0.02706816508393484,0.010319451822798757
872.0,0.029317838485396347,0.01175157476222161,0.029317838485396347,0.01175157476222161
874.0,0.03593424574213942,0.014945842144282382,0.03593424574213942,0.014945842144282382
876.0,0.04561519913550686,0.019295861965248576,0.04561519913550686,0.019295861965248576
878.0,0.056296830916940516,0.02390316224743264,0.056296830916940516,0.02390316224743264
880.0,0.06569986462266937,0.027808941594923822,0.06569986462266937,0.027808941594923822
882.0,0.07193828837998129,0.030245689031397672,0.07193828837998129,0.030245689031397672
884.0,0.07391382690882191,0.030792616679050866,0.07391382690882191,0.030792616679050866
886.0,0.07138287033850285,0.029392647415910602,0.07138287033850285,0.029392647415910602
888.0,0.06487488845509552,0.026311629380675664,0.06487488845509552,0.026311629380675664
890.0,0.05561033649442786,0.02210081818775976,0.05561033649442786,0.02210081818775976
892.0,0.045373384517352656,0.017540185859928392,0.045373384517352656,0.017540185859928392
894.0,0.03619313182946366,0.0135003558434775,0.03619313182946366,0.0135003558434775
896.0,0.029862649562148295,0.010739172922398805,0.029862649562148295,0.010739172922398805
898.0,0.027516746013044054,0.00972743353260315,0.027516746013044054,0.00972743353260315
900.0,0.02942821067620184,0.010568391189971072,0.02942821067620184,0.010568391189971072
902.0,0.03501400919333659,0.013003353682810952,0.03501400919333659,0.013003353682810952
904.0,0.04302558136012276,0.016492237008948585,0.04302558136012276,0.016492237008948585
906.0,0.05189488505194541,0.020359391965118944,0.05189488505194541,0.020359391965118944
908.0,0.06012854055723969,0.023961229043621246,0.06012854055723969,0.023961229043621246
910.0,0.06658649605776282,0.026805814954710593,0.06658649605776282,0.026805814954710593
912.0,0.0705887162241149,0.028599091150957975,0.0705887162241149,0.028599091150957975
914.0,0.07194539432066381,0.029257282137745196,0.07194539432066381,0.029257282137745196
916.0,0.0709942695103505,0.02892170370959796,0.0709942695103505,0.02892170370959796
918.0,0.06860885035515002,0.027961621043057414,0.06860885035515002,0.027961621043057414
920.0,0.0660387583335462,0.026906824731920492,0.0660387583335462,0.026906824731920492
922.0,0.06458436312182154,0.026310842443524735,0.06458436312182154,0.026310842443524735
924.0,0.06523061160409473,0.026596584674269067,0.06523061160409473,0.026596584674269067
926.0,0.06839065561455818,0.027947273089491808,0.06839065561455818,0.027947273089491808
928.0,0.07381948503794958,0.030267649073418165,0.07381948503794958,0.030267649073418165
930.0,0.0807182558583698,0.03322484131332726,0.0807182558583698,0.03322484131332726
932.0,0.08800678049509593,0.036361074479840064,0.08800678049509593,0.036361074479840064
934.0,0.09462977797059373,0.039223375849353044,0.09462977797059373,0.039223375849353044
936.0,0.09971335196742236,0.04143200136958891,0.09971335196742236,0.04143200136958891
938.0,0.10255250643313968,0.04267785575886553,0.10255250643313968,0.04267785575886553
940.0,0.10256957922797308,0.04270672385033507,0.10256957922797308,0.04270672385033507
942.0,0.09940665792572825,0.04135987261488784,0.09940665792572825,0.04135987261488784
944.0,0.09318777930599384,0.038686467941245244,0.09318777930599384,0.038686467941245244
946.0,0.08476717530660133,0.035050020353740934,0.08476717530660133,0.035050020353740934
948.0,0.07566510466813961,0.031101283812881783,0.07566510466813961,0.031101283812881783
950.0,0.06764097276750536,0.02759663436925613,0.06764097276750536,0.02759663436925613
952.0,0.06219256648631668,0.02518489738097813,0.06219256648631668,0.02518489738097813
954.0,0.06024734889523135,0.024275853972072506,0.06024734889523135,0.024275853972072506
956.0,0.06205205046062739,0.024991180787670122,0.06205205046062739,0.024991180787670122
958.0,0.06717123772919194,0.027158489599117628,0.06717123772919194,0.027158489599117628
960.0,0.07465581312245138,0.030376321906963766,0.07465581312245138,0.030376321906963766
962.0,0.08337362073967786,0.03415236873963582,0.08337362073967786,0.03415236873963582
964.0,0.09231288803720547,0.03803692459333571,0.09231288803720547,0.03803692459333571
966.0,0.1006602315070345,0.041662997601015044,0.1006602315070345,0.041662997601015044
968.0,0.10767893551324614,0.04469931477565412,0.10767893551324614,0.04469931477565412
970.0,0.11256318344989809,0.046790220448667416,0.11256318344989809,0.046790220448667416
972.0,0.11449104030253132,0.0475793520023779,0.11449104030253132,0.0475793520023779
974.0,0.11297959539212653,0.04686174166806129,0.11297959539212653,0.04686174166806129
976.0,0.10838729091452724,0.04479740764723481,0.10838729091452724,0.04479740764723481
978.0,0.10205851818402861,0.041969873948671556,0.10205851818402861,0.041969873948671556
980.0,0.09586119377728154,0.039186190442880464,0.09586119377728154,0.039186190442880464
982.0,0.09149326571284143,0.03718096967635713,0.09149326571284143,0.03718096967635713
984.0,0.09002165243179752,0.03642234779949707,0.09002165243179752,0.03642234779949707
986.0,0.09167994295084449,0.03702663861453131,0.09167994295084449,0.03702663861453131
988.0,0.09583274458964199,0.03873746892722512,0.09583274458964199,0.03873746892722512
990.0,0.10123448237300399,0.04102181014000024,0.10123448237300399,0.04102181014000024
992.0,0.10665906994042508,0.043327486175908696,0.10665906994042508,0.043327486175908696
994.0,0.1113915501908474,0.04529868934255389,0.1113915501908474,0.04529868934255389
996.0,0.11514371532858123,0.046757731084353306,0.11514371532858123,0.046757731084353306
998.0,0.11760075578085877,0.04752431301345261,0.11760075578085877,0.04752431301345261
1000.0,0.11801048639398759,0.047249091346525364,0.11801048639398759,0.047249091346525364
1002.0,0.11501866566953843,0.045361809111006145,0.11501866566953843,0.045361809111006145
1004.0,0.10709353859046646,0.041283735277013914,0.10709353859046646,0.041283735277013914
1006.0,0.09390431158508031,0.03502504652811269,0.09390431158508031,0.03502504652811269
1008.0,0.07772663919556673,0.02772066250306324,0.07772663919556673,0.02772066250306324
1010.0,0.06275086224137563,0.021246980917833055,0.06275086224137563,0.021246980917833055
1012.0,0.05290354996010572,0.017299288204321455,0.05290354996010572,0.017299288204321455
1014.0,0.05098726011306429,0.017109362829145294,0.05098726011306429,0.017109362829145294
1016.0,0.059315564581269596,0.021784267065500622,0.059315564581269596,0.021784267065500622
1018.0,0.08005932907073618,0.032464664051736744,0.08005932907073618,0.032464664051736744
1020.0,0.11350372575499156,0.049464891054309776,0.11350372575499156,0.049464891054309776
